Device,Second_Key,Third_Key,Timestamp,KPI_1,KPI_2,KPI_3,KPI_4,KPI_5,KPI_6,KPI_7,KPI_8,KPI_9,KPI_10,KPI_11,KPI_12,KPI_13,KPI_14,KPI_15,KPI_16,KPI_17,KPI_18,KPI_19,KPI_20,KPI_21,KPI_22,KPI_23,KPI_24,KPI_25,KPI_26,KPI_27,KPI_28,KPI_29,KPI_30,KPI_31,KPI_32,KPI_33,KPI_34,KPI_35,KPI_36,KPI_37,KPI_38,KPI_39,KPI_40,KPI_41,KPI_42,KPI_43,KPI_44,KPI_45,KPI_46,KPI_47,KPI_48,KPI_49,KPI_50,KPI_51,KPI_52,KPI_53,KPI_54,KPI_55,KPI_56,KPI_57,KPI_58,KPI_59,KPI_60,KPI_61,KPI_62,KPI_63,KPI_64,KPI_65,KPI_66,KPI_67
Device_2,BSC_008,NODE_01,7/21/2019,0,0,4070791,44010,0,0,3664109,0,0,0,0,7522717,7499693,0,0,28835873,0,0,0,0,28808725,0,0,20096,13694910,0,0,0,0,144569,144476,0,0,93,0,0,27916,0,0,10821878,25401,0,0,0,10809243,341351,1849,0,0,0,341055,0,0,0,0,0,0,0,0,2881670,0,0,1778596,21381,15182,6114,35379
Device_1,BSC_008,NODE_02,7/21/2019,0,0,29,0,0,0,29,0,0,0,0,71,71,0,0,109,0,0,0,0,106,0,0,3,106,0,0,0,0,0,0,0,0,0,0,0,0,0,0,45,0,0,0,0,45,52,0,0,0,0,52,0,0,0,0,0,0,0,0,7,0,0,18,10,0,0,10
Device_2,BSC_008,NODE_01,7/20/2019,0,0,3627492,43530,0,0,3252658,0,0,0,0,5401739,5392048,0,0,27255009,0,0,0,0,27234908,0,0,12765,13115052,0,0,0,0,132834,132754,0,0,80,0,0,26264,0,0,10383859,25643,0,0,0,10371984,322855,2011,0,0,0,322523,0,0,0,0,0,0,0,0,2724071,0,0,1495731,19800,12573,6525,32949
Device_1,BSC_008,NODE_02,7/20/2019,0,0,0,0,0,0,0,0,0,0,0,0,0,0,0,0,0,0,0,0,0,0,0,0,0,0,0,0,0,0,0,0,0,0,0,0,0,0,0,0,0,0,0,0,0,0,0,0,0,0,0,0,0,0,0,0,0,0,0,0,0,0,0,0,0,0,0
Device_2,BSC_008,NODE_01,7/19/2019,0,0,3220039,47792,0,0,2860886,0,0,0,0,5926290,5920973,0,0,20401725,0,0,0,0,20380513,0,0,13423,10303573,0,0,0,0,137603,137529,0,0,74,0,0,28118,0,0,8171176,29309,0,0,0,8160020,340249,2778,0,0,0,339788,0,0,0,0,0,0,0,0,2038352,0,0,1538856,18218,10108,7101,30558
Device_1,BSC_008,NODE_02,7/19/2019,0,0,0,0,0,0,0,0,0,0,0,0,0,0,0,0,0,0,0,0,0,0,0,0,0,0,0,0,0,0,0,0,0,0,0,0,0,0,0,0,0,0,0,0,0,0,0,0,0,0,0,0,0,0,0,0,0,0,0,0,0,0,0,0,0,0,0
Device_2,BSC_008,NODE_01,7/18/2019,0,0,4737830,47841,0,0,4297423,0,0,0,0,10322563,10313774,0,0,31597135,0,0,0,0,31574293,0,0,15032,14642632,0,0,0,0,162569,162482,0,0,87,0,0,32215,0,0,11530271,27085,0,0,0,11516796,344789,2088,0,0,0,344450,0,0,0,0,0,0,0,0,3159489,0,0,2249974,23078,16831,6861,38775
Device_1,BSC_008,NODE_02,7/18/2019,0,0,35,0,0,0,35,0,0,0,0,88,88,0,0,115,0,0,0,0,112,0,0,3,111,0,0,0,0,0,0,0,0,0,0,0,0,0,0,50,0,0,0,0,50,56,0,0,0,0,56,0,0,0,0,0,0,0,0,10,0,0,24,3,0,0,3
Device_2,BSC_008,NODE_01,7/17/2019,0,0,4360425,48562,0,0,3944401,0,0,0,0,7430664,7418165,0,0,30774918,0,0,0,0,30753644,0,0,13583,14316121,0,0,0,0,147400,147320,0,0,80,0,0,29110,0,0,11255739,26232,0,0,0,11242995,344885,2032,0,0,0,344559,0,0,0,0,0,0,0,0,3077438,0,0,1935318,22503,14513,6726,37507
Device_1,BSC_008,NODE_02,7/17/2019,0,0,22,0,0,0,22,0,0,0,0,78,78,0,0,116,0,0,0,0,114,0,0,1,114,0,0,0,0,0,0,0,0,0,0,0,0,0,0,47,0,0,0,0,47,57,0,0,0,0,57,0,0,0,0,0,0,0,0,8,0,0,11,11,0,0,11
Device_2,BSC_008,NODE_01,7/16/2019,0,0,4322379,49128,0,0,3899228,0,0,0,0,7090755,7083153,0,0,30997741,0,0,0,0,30977528,0,0,12287,14451731,0,0,0,0,149210,149133,0,0,77,0,0,29755,0,0,11363346,26990,0,0,0,11350245,346790,2137,0,0,0,346455,0,0,0,0,0,0,0,0,3097501,0,0,1866967,22430,14119,6940,37827
Device_1,BSC_008,NODE_02,7/16/2019,0,0,65,0,0,0,65,0,0,0,0,88,90,0,0,95,0,0,0,0,91,0,0,1,84,0,0,0,0,0,0,0,0,0,0,0,0,0,0,35,0,0,0,0,35,54,0,0,0,0,54,0,0,0,0,0,0,0,0,8,0,0,44,33,0,0,33
Device_2,BSC_008,NODE_01,7/15/2019,0,0,5264920,107285,0,0,4697315,0,0,0,0,12795861,12769739,0,0,31316124,0,0,0,0,31288237,0,0,18956,14666062,0,0,0,0,215562,215391,0,0,171,0,0,38752,0,0,11014323,26331,0,0,0,10999507,349588,2429,0,0,0,349192,0,0,0,0,0,0,0,0,3130109,0,0,2673592,24367,22807,7760,40781
Device_1,BSC_008,NODE_02,7/15/2019,0,0,35,0,0,0,35,0,0,0,0,159,158,0,0,76,0,0,0,0,72,0,0,3,65,0,0,0,0,0,0,0,0,0,0,0,0,0,0,35,0,0,0,0,35,28,0,0,0,0,28,0,0,0,0,0,0,0,0,2,0,0,61,12,0,0,10
Device_2,BSC_008,NODE_01,7/14/2019,0,0,4298367,105300,0,0,3808705,0,0,0,0,7081575,7056732,0,0,31430755,0,0,0,0,31409178,0,0,12723,14642966,0,0,0,0,168387,168245,0,0,142,0,0,30904,0,0,10967930,26276,0,0,0,10953016,356841,2339,0,0,0,356434,0,0,0,0,0,0,0,0,3140448,0,0,1831767,23094,13462,7860,38965
Device_1,BSC_008,NODE_02,7/14/2019,0,0,44,0,0,0,44,0,0,0,0,207,210,0,0,96,0,0,0,0,86,0,0,10,77,0,0,0,0,0,0,0,0,0,0,0,0,0,0,26,0,0,0,0,26,17,0,0,0,0,17,0,0,0,0,0,0,0,0,9,0,0,93,12,0,0,11
Device_2,BSC_008,NODE_01,7/13/2019,0,0,4165228,108415,0,0,3672850,0,0,0,0,6454484,6443035,0,0,30399303,0,0,0,0,30378085,0,0,11859,14296432,0,0,0,0,172340,172223,0,0,117,0,0,31428,0,0,10723900,28015,0,0,0,10708043,354522,2403,0,0,0,354136,0,0,0,0,0,0,0,0,3039169,0,0,1734903,22551,13675,8099,38005
Device_1,BSC_008,NODE_02,7/13/2019,0,0,0,0,0,0,0,0,0,0,0,0,0,0,0,0,0,0,0,0,0,0,0,0,0,0,0,0,0,0,0,0,0,0,0,0,0,0,0,0,0,0,0,0,0,0,0,0,0,0,0,0,0,0,0,0,0,0,0,0,0,0,0,0,0,0,0
Device_2,BSC_008,NODE_01,7/12/2019,0,0,3810450,118477,0,0,3319494,0,0,0,0,6558855,6555834,0,0,24169354,0,0,0,0,24150489,0,0,9156,11778721,0,0,0,0,179272,179126,0,0,146,0,0,34450,0,0,8763582,30273,0,0,0,8749613,386811,3246,0,0,0,386249,0,0,0,0,0,0,0,0,2415431,0,0,1770543,22980,11172,8954,38053
Device_1,BSC_008,NODE_02,7/12/2019,0,0,9,0,0,0,9,0,0,0,0,23,22,0,0,44,0,0,0,0,40,0,0,4,36,0,0,0,0,0,0,0,0,0,0,0,0,0,0,9,0,0,0,0,9,20,0,0,0,0,20,0,0,0,0,0,0,0,0,3,0,0,5,2,0,0,3
Device_2,BSC_008,NODE_01,7/11/2019,0,0,5010147,108261,0,0,4457277,0,0,0,0,10286825,10272101,0,0,32850474,0,0,0,0,32807785,0,0,33354,15290711,0,0,0,0,201069,200900,0,0,169,0,0,38018,0,0,11505510,27029,0,0,0,11490284,360895,2302,0,0,0,360525,0,0,0,0,0,0,0,0,3280600,0,0,2313456,26445,19381,8073,42965
Device_1,BSC_008,NODE_02,7/11/2019,0,0,18,0,0,0,18,0,0,0,0,54,54,0,0,55,0,0,0,0,49,0,0,6,46,0,0,0,0,0,0,0,0,0,0,0,0,0,0,8,0,0,0,0,8,14,0,0,0,0,14,0,0,0,0,0,0,0,0,3,0,0,14,2,0,0,2
Device_2,BSC_008,NODE_01,7/10/2019,0,0,4699868,111222,0,0,4170387,0,0,0,0,7685617,7679870,0,0,32174675,0,0,0,0,32134049,0,0,31389,14959656,0,0,0,0,186386,186244,0,0,142,0,0,34531,0,0,11272778,27211,0,0,0,11257615,361752,2525,0,0,0,361324,0,0,0,0,0,0,0,0,3213023,0,0,2034166,25114,16237,8058,41356
Device_1,BSC_008,NODE_02,7/10/2019,0,0,22,0,0,0,22,0,0,0,0,54,54,0,0,82,0,0,0,0,73,0,0,9,69,0,0,0,0,0,0,0,0,0,0,0,0,0,0,15,0,0,0,0,15,26,0,0,0,0,26,0,0,0,0,0,0,0,0,17,0,0,29,6,0,0,5
Device_2,BSC_008,NODE_01,7/9/2019,0,0,4717735,110002,0,0,4203551,0,0,0,0,7604548,7593616,0,0,32362632,0,0,0,0,32342149,0,0,11214,15112996,0,0,0,0,179839,179694,0,0,145,0,0,33433,0,0,11384006,27121,0,0,0,11368785,359439,2375,0,0,0,359046,0,0,0,0,0,0,0,0,3234975,0,0,2045993,24991,14999,8170,41501
Device_1,BSC_008,NODE_02,7/9/2019,0,0,67,0,0,0,62,0,0,0,0,168,167,0,0,144,0,0,0,0,134,0,0,10,129,0,0,0,0,0,0,0,0,0,0,0,0,0,0,27,0,0,0,0,27,62,0,0,0,0,62,0,0,0,0,0,0,0,0,15,0,0,41,23,0,0,23
Device_2,BSC_008,NODE_01,7/8/2019,0,0,5471758,113674,0,0,4884978,0,0,0,0,12322620,12298393,0,0,33087893,0,0,0,0,33066459,0,0,12111,15487424,0,0,0,0,218889,218741,0,0,148,0,0,40295,0,0,11678309,27685,0,0,0,11662606,361210,2452,0,0,0,360809,0,0,0,0,0,0,0,0,3308691,0,0,2636786,26581,21969,8291,44002
Device_1,BSC_008,NODE_02,7/8/2019,0,0,13,0,0,0,13,0,0,0,0,22,20,0,0,43,0,0,0,0,39,0,0,4,39,0,0,0,0,0,0,0,0,0,0,0,0,0,0,5,0,0,0,0,5,15,0,0,0,0,15,0,0,0,0,0,0,0,0,7,0,0,4,9,0,0,9
Device_2,BSC_008,NODE_01,7/7/2019,0,0,4845317,113224,0,0,4307197,0,0,0,0,7584136,7562361,0,0,33210025,0,0,0,0,33182003,0,0,18505,15505706,0,0,0,0,184000,183827,0,0,173,0,0,35492,0,0,11661175,28117,0,0,0,11643355,371550,2497,0,0,0,371128,0,0,0,0,0,0,0,0,3320033,0,0,2043283,26323,14590,8467,43373
Device_1,BSC_008,NODE_02,7/7/2019,0,0,34,0,0,0,34,0,0,0,0,40,40,0,0,60,0,0,0,0,57,0,0,2,52,0,0,0,0,0,0,0,0,0,0,0,0,0,0,13,0,0,0,0,13,33,0,0,0,0,33,0,0,0,0,0,0,0,0,9,0,0,17,17,0,0,17
Device_2,BSC_008,NODE_01,7/6/2019,0,0,4532156,115254,0,0,4013556,0,0,0,0,6729028,6703389,0,0,32438155,0,0,0,0,32414262,0,0,14085,15309544,0,0,0,0,180982,180835,0,0,147,0,0,33626,0,0,11526928,28727,0,0,0,11511409,375546,2596,0,0,0,375126,0,0,0,0,0,0,0,0,3242132,0,0,1863133,25219,13649,8582,41419
Device_1,BSC_008,NODE_02,7/6/2019,0,0,6,0,0,0,6,0,0,0,0,8,8,0,0,20,0,0,0,0,16,0,0,0,15,0,0,0,0,0,0,0,0,0,0,0,0,0,0,5,0,0,0,0,5,10,0,0,0,0,10,0,0,0,0,0,0,0,0,1,0,0,2,0,0,0,0
Device_2,BSC_008,NODE_01,7/5/2019,0,0,4262475,132234,0,0,3723687,0,0,0,0,7326394,7300928,0,0,25936353,0,0,0,0,25915262,0,0,9900,12654609,0,0,0,0,197220,197053,0,0,167,0,0,37582,0,0,9447034,33559,0,0,0,9431904,393028,3606,0,0,0,392425,0,0,0,0,0,0,0,0,2591616,0,0,2001322,24633,11716,10194,41284
Device_1,BSC_008,NODE_02,7/5/2019,0,0,5,0,0,0,5,0,0,0,0,6,6,0,0,12,0,0,0,0,12,0,0,0,12,0,0,0,0,0,0,0,0,0,0,0,0,0,0,0,0,0,0,0,0,6,0,0,0,0,6,0,0,0,0,0,0,0,0,0,0,0,3,2,0,0,2
Device_2,BSC_008,NODE_01,7/4/2019,0,0,6183714,128932,0,0,5525668,0,0,0,0,13476379,13432841,0,0,37425559,0,0,0,0,37405325,0,0,9416,17490377,0,0,0,0,240436,240269,0,0,167,0,0,44929,0,0,13163760,31670,0,0,0,13144846,405936,2918,0,0,0,405425,0,0,0,0,0,0,0,0,3743777,0,0,2929711,31006,24707,9595,51831
Device_1,BSC_008,NODE_02,7/4/2019,0,0,8,2,0,0,6,0,0,0,0,0,0,0,0,168,0,0,0,0,168,0,0,0,59,0,0,0,0,0,0,0,0,0,0,0,0,0,0,122,0,0,0,0,122,40,0,0,0,0,40,0,0,0,0,0,0,0,0,9,0,0,0,0,0,0,0
Device_2,BSC_008,NODE_01,7/3/2019,0,0,5876255,140240,0,0,5209823,0,0,0,0,9474359,9443628,0,0,38216917,0,0,0,0,38195668,0,0,9671,17793290,0,0,0,0,232455,232289,0,0,166,0,0,44073,0,0,13334853,32876,0,0,0,13312584,517582,3784,0,0,0,516944,0,0,0,0,0,0,0,0,3822481,0,0,2564062,31831,20278,10249,53501
Device_1,BSC_008,NODE_02,7/3/2019,0,0,8,0,0,0,8,0,0,0,0,46,46,0,0,66,0,0,0,0,66,0,0,0,42,0,0,0,0,0,0,0,0,0,0,0,0,0,0,34,0,0,0,0,34,18,0,0,0,0,18,0,0,0,0,0,0,0,0,5,0,0,7,2,0,0,2
Device_2,BSC_008,NODE_01,7/2/2019,0,0,6328145,150449,0,0,5638426,0,0,0,0,9689661,9662745,0,0,42121336,0,0,0,0,42096936,0,0,11372,19483834,0,0,0,0,240522,240337,0,0,185,0,0,43991,0,0,14710785,35717,0,0,0,14690380,462817,3276,0,0,0,462254,0,0,0,0,0,0,0,0,4214321,0,0,2749042,33443,21122,11538,56115
Device_1,BSC_008,NODE_02,7/2/2019,0,0,8,0,0,0,8,0,0,0,0,16,16,0,0,61,0,0,0,0,55,0,0,6,55,0,0,0,0,0,0,0,0,0,0,0,0,0,0,12,0,0,0,0,12,33,0,0,0,0,33,0,0,0,0,0,0,0,0,4,0,0,3,5,0,0,5
Device_2,BSC_008,NODE_01,7/1/2019,0,0,6371720,134971,0,0,5673689,0,0,0,0,13738106,13701819,0,0,36913949,0,0,0,0,36893011,0,0,9568,17553033,0,0,0,0,258583,258391,0,0,192,0,0,48494,0,0,13205597,30488,0,0,0,13188170,406775,2925,0,0,0,406317,0,0,0,0,0,0,0,0,3691310,0,0,3093929,30396,26053,10206,50968
Device_1,BSC_008,NODE_02,7/1/2019,0,0,18,0,0,0,17,0,0,0,0,86,82,0,0,60,0,0,0,0,53,0,0,5,53,0,0,0,0,0,0,0,0,0,0,0,0,0,0,8,0,0,0,0,8,14,0,0,0,0,14,0,0,0,0,0,0,0,0,3,0,0,13,2,0,0,2
Device_2,BSC_008,NODE_01,6/30/2019,0,0,4829088,111301,0,0,4283520,0,0,0,0,9095980,9069553,0,0,30822177,0,0,0,0,30804739,0,0,7814,14605568,0,0,0,0,191017,190871,0,0,146,0,0,34661,0,0,11060851,25495,0,0,0,11046224,356916,2354,0,0,0,356540,0,0,0,0,0,0,0,0,3081979,0,0,2135955,24847,17263,8342,41422
Device_1,BSC_008,NODE_02,6/30/2019,0,0,8,0,0,0,6,0,0,0,0,4,4,0,0,54,0,0,0,0,49,0,0,1,49,0,0,0,0,0,0,0,0,0,0,0,0,0,0,14,0,0,0,0,14,24,0,0,0,0,24,0,0,0,0,0,0,0,0,4,0,0,1,5,0,0,5
Device_2,BSC_008,NODE_01,6/29/2019,0,0,4160729,108710,0,0,3667790,0,0,0,0,6479384,6473012,0,0,29613076,0,0,0,0,29595962,0,0,7484,14075707,0,0,0,0,167560,167441,0,0,119,0,0,30107,0,0,10686422,26087,0,0,0,10671891,350579,2454,0,0,0,350182,0,0,0,0,0,0,0,0,2962361,0,0,1731714,22795,13553,8433,37821
Device_1,BSC_008,NODE_02,6/29/2019,0,0,34,1,0,0,24,0,0,0,0,54,54,0,0,82,0,0,0,0,70,0,0,6,69,0,0,0,0,4,4,0,0,0,0,0,0,0,0,32,0,0,0,0,32,9,0,0,0,0,9,0,0,0,0,0,0,0,0,5,0,0,13,15,0,0,15
Device_2,BSC_008,NODE_01,6/28/2019,0,0,4101250,121849,0,0,3581496,0,0,0,0,9171761,9169756,0,0,22421252,0,0,0,0,22402801,0,0,7790,11222541,0,0,0,0,197118,196933,0,0,185,0,0,38100,0,0,8466025,29496,0,0,0,8452495,364703,3233,0,0,0,364173,0,0,0,0,0,0,0,0,2241696,0,0,2072035,22029,13083,9556,36758
Device_1,BSC_008,NODE_02,6/28/2019,0,0,0,0,0,0,0,0,0,0,0,0,0,0,0,0,0,0,0,0,0,0,0,0,0,0,0,0,0,0,0,0,0,0,0,0,0,0,0,0,0,0,0,0,0,0,0,0,0,0,0,0,0,0,0,0,0,0,0,0,0,0,0,0,0,0,0
Device_2,BSC_008,NODE_01,6/27/2019,0,0,4804078,112800,0,0,4264467,0,0,0,0,8152214,8149280,0,0,31571759,0,0,0,0,31550681,0,0,10582,15000934,0,0,0,0,187221,187006,0,0,215,0,0,35652,0,0,11399162,26468,0,0,0,11384150,368335,2563,0,0,0,367912,0,0,0,0,0,0,0,0,3157123,0,0,2095571,25253,14859,9155,41975
Device_1,BSC_008,NODE_02,6/27/2019,0,0,19,0,0,0,19,0,0,0,0,74,92,0,0,149,0,0,0,0,127,0,0,20,124,0,0,0,0,0,0,0,0,0,0,0,0,0,0,25,0,0,0,0,25,67,0,0,0,0,67,0,0,0,0,0,0,0,0,8,0,0,60,10,0,0,7
Device_2,BSC_008,NODE_01,6/26/2019,0,0,4749441,112325,0,0,4207604,0,0,0,0,8711570,8704035,0,0,30040776,0,0,0,0,30017257,0,0,12648,14261262,0,0,0,0,194825,194474,0,0,351,0,0,36106,0,0,10819514,25110,0,0,0,10805391,370916,2562,0,0,0,370489,0,0,0,0,0,0,0,0,3002432,0,0,2169809,24543,16892,9501,40864
Device_1,BSC_008,NODE_02,6/26/2019,0,0,48,1,0,0,40,0,0,0,0,67,67,0,0,147,0,0,0,0,134,0,0,11,124,0,0,0,0,0,0,0,0,0,0,0,0,0,0,45,0,0,0,0,45,25,0,0,0,0,25,0,0,0,0,0,0,0,0,13,0,0,27,24,0,0,23
Device_2,BSC_008,NODE_01,6/25/2019,0,0,4363364,90185,0,0,3901498,0,0,0,0,7648174,7634205,0,0,30136360,0,0,0,0,30074007,0,0,52665,15330235,0,0,0,0,153598,151983,0,0,1615,0,0,28315,0,0,10829648,19485,0,0,0,10817591,348237,1780,0,0,0,347932,0,0,0,0,0,0,0,0,4436783,0,0,1916250,22602,14990,8455,35512
Device_1,BSC_008,NODE_02,6/25/2019,0,0,7,0,0,0,7,0,0,0,0,9,8,0,0,26,0,0,0,0,26,0,0,0,26,0,0,0,0,0,0,0,0,0,0,0,0,0,0,3,0,0,0,0,3,20,0,0,0,0,20,0,0,0,0,0,0,0,0,1,0,0,5,4,0,0,4
Device_2,BSC_008,NODE_01,6/24/2019,0,0,3479806,18897,0,0,3235729,0,0,0,0,5106628,5053615,0,0,30644690,0,0,0,0,30632961,0,0,8145,30504552,0,0,0,0,46566,46479,0,0,87,0,0,12991,0,0,11114954,1076,0,0,0,11114785,346356,51,0,0,0,346354,0,0,0,0,0,0,0,0,30632961,0,0,1369991,15367,7388,2948,19113
Device_1,BSC_008,NODE_02,6/24/2019,0,0,0,0,0,0,0,0,0,0,0,0,0,0,0,0,0,0,0,0,0,0,0,0,0,0,0,0,0,0,0,0,0,0,0,0,0,0,0,0,0,0,0,0,0,0,0,0,0,0,0,0,0,0,0,0,0,0,0,0,0,0,0,0,0,0,0
Device_2,BSC_008,NODE_01,6/23/2019,0,0,4083079,19427,0,0,3804236,0,0,0,0,9125469,9068057,0,0,30657789,0,0,0,0,30649248,0,0,4936,30505201,0,0,0,0,62890,62782,0,0,108,0,0,17048,0,0,11120418,1051,0,0,0,11120242,346731,29,0,0,0,346732,0,0,0,0,0,0,0,0,30649248,0,0,1977660,15665,10346,2993,19778
Device_1,BSC_008,NODE_02,6/23/2019,0,0,0,0,0,0,0,0,0,0,0,0,0,0,0,0,0,0,0,0,0,0,0,0,0,0,0,0,0,0,0,0,0,0,0,0,0,0,0,0,0,0,0,0,0,0,0,0,0,0,0,0,0,0,0,0,0,0,0,0,0,0,0,0,0,0,0
Device_2,BSC_008,NODE_01,6/22/2019,0,0,3253263,18822,0,0,3030867,0,0,0,0,5100597,5055250,0,0,29150758,0,0,0,0,29144211,0,0,3179,29020318,0,0,0,0,40671,40615,0,0,56,0,0,10807,0,0,10544207,992,0,0,0,10544017,340503,41,0,0,0,340501,0,0,0,0,0,0,0,0,29144211,0,0,1331037,14145,7338,2784,17927
Device_1,BSC_008,NODE_02,6/22/2019,0,0,3,0,0,0,3,0,0,0,0,0,0,0,0,46,0,0,0,0,46,0,0,0,46,0,0,0,0,0,0,0,0,0,0,0,0,0,0,2,0,0,0,0,2,30,0,0,0,0,30,0,0,0,0,0,0,0,0,7,0,0,0,3,0,0,3
Device_2,BSC_008,NODE_01,6/21/2019,0,0,2919903,18204,0,0,2718482,0,0,0,0,6353702,6312670,0,0,22239754,0,0,0,0,22234137,0,0,3123,22100647,0,0,0,0,32844,32790,0,0,54,0,0,10427,0,0,8414828,764,0,0,0,8414675,354565,40,0,0,0,354565,0,0,0,0,0,0,0,0,22234137,0,0,1481706,11582,5621,2147,14737
Device_1,BSC_008,NODE_02,6/21/2019,0,0,0,0,0,0,0,0,0,0,0,0,0,0,0,59,0,0,0,0,47,0,0,12,46,0,0,0,0,0,0,0,0,0,0,0,0,0,0,7,0,0,0,0,7,18,0,0,0,0,18,0,0,0,0,0,0,0,0,3,0,0,0,0,0,0,0
Device_2,BSC_008,NODE_01,6/20/2019,0,0,4053498,19995,0,0,3779440,0,0,0,0,8184142,8119237,0,0,32134935,0,0,0,0,32127468,0,0,3540,31972168,0,0,0,0,58282,58194,0,0,88,0,0,15999,0,0,11732197,1111,0,0,0,11732001,349206,42,0,0,0,349206,0,0,0,0,0,0,0,0,32127468,0,0,1811078,16470,10038,3307,20661
Device_1,BSC_008,NODE_02,6/20/2019,0,0,23,0,0,0,22,0,0,0,0,18,20,0,0,42,0,0,0,0,42,0,0,0,42,0,0,0,0,0,0,0,0,0,0,0,0,0,0,15,0,0,0,0,15,11,0,0,0,0,11,0,0,0,0,0,0,0,0,3,0,0,13,4,0,0,5
Device_2,BSC_008,NODE_01,6/19/2019,0,0,4276001,21316,0,0,3989106,0,0,0,0,10662237,10584347,0,0,34640359,0,0,0,0,34632419,0,0,3934,34459182,0,0,0,0,64272,64203,0,0,69,0,0,16056,0,0,14036161,1242,0,0,0,14035784,343443,43,0,0,0,343443,0,0,0,0,0,0,0,0,34632419,0,0,2111418,16376,11356,3485,19673
Device_1,BSC_008,NODE_02,6/19/2019,0,0,11,0,0,0,7,0,0,0,0,10,8,0,0,29,0,0,0,0,28,0,0,1,28,0,0,0,0,2,2,0,0,0,0,0,0,0,0,9,0,0,0,0,9,5,0,0,0,0,5,0,0,0,0,0,0,0,0,2,0,0,2,0,0,0,0
Device_2,BSC_008,NODE_01,6/18/2019,0,0,3695625,23382,0,0,3400207,0,0,0,0,5650537,5601157,0,0,34680895,0,0,0,0,34662445,0,0,14248,34503990,0,0,0,0,45218,45166,0,0,52,0,0,11940,0,0,14031723,1154,0,0,0,14031343,348731,38,0,0,0,348731,0,0,0,0,0,0,0,0,34662445,0,0,1509539,23729,7646,10226,20270
Device_1,BSC_008,NODE_02,6/18/2019,0,0,28,4,0,0,20,0,0,0,0,67,71,0,0,44,0,0,0,0,43,0,0,1,43,0,0,0,0,2,2,0,0,0,0,0,0,0,0,15,0,0,0,0,15,10,0,0,0,0,10,0,0,0,0,0,0,0,0,4,0,0,33,7,0,0,7
Device_2,BSC_008,NODE_01,6/17/2019,0,0,3577107,22467,0,0,3273240,0,0,0,0,5241478,5190656,0,0,34892721,0,0,0,0,34883313,0,0,5497,34725732,0,0,0,0,46263,46191,0,0,72,0,0,12429,0,0,14112637,1212,0,0,0,14112254,356928,50,0,0,0,356928,0,0,0,0,0,0,0,0,34883313,0,0,1321655,19182,8077,5365,20615
Device_1,BSC_008,NODE_02,6/17/2019,0,0,36,0,0,0,36,0,0,0,0,30,32,0,0,100,0,0,0,0,95,0,0,5,94,0,0,0,0,0,0,0,0,0,0,0,0,0,0,20,0,0,0,0,20,37,0,0,0,0,37,0,0,0,0,0,0,0,0,12,0,0,9,32,0,0,31
Device_2,BSC_008,NODE_01,6/16/2019,0,0,3930085,23166,0,0,3609310,0,0,0,0,6986823,6843726,0,0,35191908,0,0,0,0,35188179,0,0,3701,35030666,0,0,0,0,49935,49858,0,0,77,0,0,13048,0,0,14144278,0,0,0,0,14144280,368968,1,0,0,0,368968,0,0,0,0,0,0,0,0,35188179,0,0,1717695,16936,8966,52,20625
Device_1,BSC_008,NODE_02,6/16/2019,0,0,22,0,0,0,22,0,0,0,0,81,84,0,0,97,0,0,0,0,94,0,0,3,94,0,0,0,0,0,0,0,0,0,0,0,0,0,0,16,0,0,0,0,16,27,0,0,0,0,27,0,0,0,0,0,0,0,0,16,0,0,40,10,0,0,10
Device_2,BSC_008,NODE_01,6/15/2019,0,0,3659335,24918,0,0,3354713,0,0,0,0,6648292,6528406,0,0,33564644,0,0,0,0,33555613,0,0,8988,33407908,0,0,0,0,44543,44474,0,0,69,0,0,10651,0,0,13705142,0,0,0,0,13705143,357075,0,0,0,0,357075,0,0,0,0,0,0,0,0,33555615,0,0,1607625,17028,7834,1236,19082
Device_1,BSC_008,NODE_02,6/15/2019,0,0,0,0,0,0,0,0,0,0,0,0,0,0,0,0,0,0,0,0,0,0,0,0,0,0,0,0,0,0,0,0,0,0,0,0,0,0,0,0,0,0,0,0,0,0,0,0,0,0,0,0,0,0,0,0,0,0,0,0,0,0,0,0,0,0,0
Device_2,BSC_008,NODE_01,6/14/2019,0,0,2962760,24799,0,0,2691856,0,0,0,0,5443469,5335777,0,0,25753245,0,0,0,0,25750000,0,0,3230,25604833,0,0,0,0,26769,26712,0,0,57,0,0,6130,0,0,10879830,0,0,0,0,10879831,367784,1,0,0,0,367784,0,0,0,0,0,0,0,0,25749998,0,0,1447089,13094,5107,34,15985
Device_1,BSC_008,NODE_02,6/14/2019,0,0,0,0,0,0,0,0,0,0,0,0,0,0,0,0,0,0,0,0,0,0,0,0,0,0,0,0,0,0,0,0,0,0,0,0,0,0,0,0,0,0,0,0,0,0,0,0,0,0,0,0,0,0,0,0,0,0,0,0,0,0,0,0,0,0,0
Device_2,BSC_008,NODE_01,6/13/2019,0,0,4138745,26135,0,0,3805765,0,0,0,0,8420766,8292676,0,0,36361518,0,0,0,0,36355891,0,0,3922,36183238,0,0,0,0,52292,52215,0,0,77,0,0,11701,0,0,14625362,0,0,0,0,14625357,369332,2,0,0,0,369332,0,0,0,0,0,0,0,0,36355891,0,0,1856714,17962,9030,1494,21723
Device_1,BSC_008,NODE_02,6/13/2019,0,0,0,0,0,0,0,0,0,0,0,0,0,0,0,0,0,0,0,0,0,0,0,0,0,0,0,0,0,0,0,0,0,0,0,0,0,0,0,0,0,0,0,0,0,0,0,0,0,0,0,0,0,0,0,0,0,0,0,0,0,0,0,0,0,0,0
Device_2,BSC_008,NODE_01,6/12/2019,0,0,3974410,25296,0,0,3653536,0,0,0,0,7588865,7483567,0,0,35311152,0,0,0,0,35307260,0,0,3864,35105975,0,0,0,0,49171,49091,0,0,80,0,0,10910,0,0,14193556,0,0,0,0,14193561,359173,0,0,0,0,359174,0,0,0,0,0,0,0,0,35307260,0,0,1732885,17105,8674,103,20559
Device_1,BSC_008,NODE_02,6/12/2019,0,0,0,0,0,0,0,0,0,0,0,0,0,0,0,10,0,0,0,0,10,0,0,0,10,0,0,0,0,0,0,0,0,0,0,0,0,0,0,6,0,0,0,0,6,4,0,0,0,0,4,0,0,0,0,0,0,0,0,1,0,0,0,0,0,0,0
Device_2,BSC_008,NODE_01,6/11/2019,0,0,3519254,24987,0,0,3221139,0,0,0,0,5290791,5159730,0,0,36126090,0,0,0,0,36120655,0,0,5419,35896735,0,0,0,0,38979,38891,0,0,88,0,0,8437,0,0,14682544,0,0,0,0,14682542,355289,0,0,0,0,355288,0,0,0,0,0,0,0,0,36120656,0,0,1376083,16852,6918,73,20268
Device_1,BSC_008,NODE_02,6/11/2019,0,0,2,0,0,0,2,0,0,0,0,2,2,0,0,16,0,0,0,0,16,0,0,0,16,0,0,0,0,0,0,0,0,0,0,0,0,0,0,2,0,0,0,0,2,4,0,0,0,0,4,0,0,0,0,0,0,0,0,1,0,0,2,2,0,0,2
Device_2,BSC_008,NODE_01,6/10/2019,0,0,3509208,24442,0,0,3213281,0,0,0,0,5189204,5041307,0,0,36634612,0,0,0,0,36630909,0,0,3690,36419598,0,0,0,0,38119,38054,0,0,65,0,0,9315,0,0,15150408,0,0,0,0,15150410,361178,0,0,0,0,361178,0,0,0,0,0,0,0,0,36630908,0,0,1346626,16972,6180,64,20187
Device_1,BSC_008,NODE_02,6/10/2019,0,0,0,0,0,0,0,0,0,0,0,0,0,0,0,0,0,0,0,0,0,0,0,0,0,0,0,0,0,0,0,0,0,0,0,0,0,0,0,0,0,0,0,0,0,0,0,0,0,0,0,0,0,0,0,0,0,0,0,0,0,0,0,0,0,0,0
Device_2,BSC_008,NODE_01,6/9/2019,0,0,3582737,26130,0,0,3278117,0,0,0,0,5287586,5126679,0,0,37294594,0,0,0,0,37291383,0,0,3191,37103663,0,0,0,0,39889,39832,0,0,57,0,0,9759,0,0,15416083,0,0,0,0,15416087,375984,0,0,0,0,375984,0,0,0,0,0,0,0,0,37291382,0,0,1375163,17361,6843,76,20440
Device_1,BSC_008,NODE_02,6/9/2019,0,0,5,0,0,0,5,0,0,0,0,10,10,0,0,41,0,0,0,0,40,0,0,1,40,0,0,0,0,0,0,0,0,0,0,0,0,0,0,11,0,0,0,0,11,15,0,0,0,0,15,0,0,0,0,0,0,0,0,5,0,0,2,2,0,0,2
Device_2,BSC_008,NODE_01,6/8/2019,0,0,3399745,26769,0,0,3096865,0,0,0,0,4623236,4532830,0,0,37616379,0,0,0,0,37613050,0,0,3295,37405489,0,0,0,0,37587,37521,0,0,66,0,0,7868,0,0,15683264,0,0,0,0,15683258,384353,0,0,0,0,384353,0,0,0,0,0,0,0,0,37613050,0,0,1257416,16679,7212,76,19940
Device_1,BSC_008,NODE_02,6/8/2019,0,0,0,0,0,0,0,0,0,0,0,0,0,0,0,0,0,0,0,0,0,0,0,0,0,0,0,0,0,0,0,0,0,0,0,0,0,0,0,0,0,0,0,0,0,0,0,0,0,0,0,0,0,0,0,0,0,0,0,0,0,0,0,0,0,0,0
Device_2,BSC_008,NODE_01,6/7/2019,0,0,2985288,26568,0,0,2694314,0,0,0,0,4660993,4584202,0,0,29140426,0,0,0,0,29137810,0,0,2598,28909662,0,0,0,0,25590,25534,0,0,56,0,0,5701,0,0,12687117,0,0,0,0,12687118,411844,0,0,0,0,411844,0,0,0,0,0,0,0,0,29137810,0,0,1286251,14974,4845,251,17885
Device_1,BSC_008,NODE_02,6/7/2019,0,0,0,0,0,0,0,0,0,0,0,0,0,0,0,0,0,0,0,0,0,0,0,0,0,0,0,0,0,0,0,0,0,0,0,0,0,0,0,0,0,0,0,0,0,0,0,0,0,0,0,0,0,0,0,0,0,0,0,0,0,0,0,0,0,0,0
Device_2,BSC_008,NODE_01,6/6/2019,0,0,3473185,29527,0,0,3141176,0,0,0,0,5411802,5328828,0,0,32947748,0,0,0,0,32944702,0,0,3020,32719678,0,0,0,0,32685,32624,0,0,61,0,0,8473,0,0,14362148,0,0,0,0,14362148,433894,0,0,0,0,433894,0,0,0,0,0,0,0,0,32944702,0,0,1449134,17358,6352,259,20687
Device_1,BSC_008,NODE_02,6/6/2019,0,0,0,0,0,0,0,0,0,0,0,0,0,0,0,0,0,0,0,0,0,0,0,0,0,0,0,0,0,0,0,0,0,0,0,0,0,0,0,0,0,0,0,0,0,0,0,0,0,0,0,0,0,0,0,0,0,0,0,0,0,0,0,0,0,0,0
Device_2,BSC_008,NODE_01,6/5/2019,0,0,4271097,35655,0,0,3858139,0,0,0,0,8347380,8198459,0,0,34903432,0,0,0,0,34899638,0,0,3782,34603165,0,0,0,0,48759,48617,0,0,142,0,0,13912,0,0,15599710,0,0,0,0,15599710,477363,0,0,0,0,477363,0,0,0,0,0,0,0,0,34899641,0,0,2104707,19094,9161,157,22722
Device_1,BSC_008,NODE_02,6/5/2019,0,0,0,0,0,0,0,0,0,0,0,0,0,0,0,0,0,0,0,0,0,0,0,0,0,0,0,0,0,0,0,0,0,0,0,0,0,0,0,0,0,0,0,0,0,0,0,0,0,0,0,0,0,0,0,0,0,0,0,0,0,0,0,0,0,0,0
Device_2,BSC_008,NODE_01,6/4/2019,0,0,5502042,44993,0,0,4987832,0,0,0,0,10831080,10584233,0,0,41845993,0,0,0,0,41842727,0,0,3253,41544891,0,0,0,0,62594,62473,0,0,121,0,0,17964,0,0,18855267,0,0,0,0,18855268,544789,0,0,0,0,544789,0,0,0,0,0,0,0,0,41842726,0,0,2566041,24522,10490,308,29604
Device_1,BSC_008,NODE_02,6/4/2019,0,0,0,0,0,0,0,0,0,0,0,0,0,0,0,0,0,0,0,0,0,0,0,0,0,0,0,0,0,0,0,0,0,0,0,0,0,0,0,0,0,0,0,0,0,0,0,0,0,0,0,0,0,0,0,0,0,0,0,0,0,0,0,0,0,0,0
Device_2,BSC_008,NODE_01,6/3/2019,0,0,5553979,36312,0,0,5122063,0,0,0,0,8231486,8079294,0,0,51997647,0,0,0,0,51992203,0,0,5411,51778054,0,0,0,0,55011,54899,0,0,112,0,0,12987,0,0,22643014,0,0,0,0,22643010,468425,0,0,0,0,468425,0,0,0,0,0,0,0,0,51992202,0,0,2053452,27195,8939,21,32645
Device_1,BSC_008,NODE_02,6/3/2019,0,0,0,0,0,0,0,0,0,0,0,0,0,0,0,0,0,0,0,0,0,0,0,0,0,0,0,0,0,0,0,0,0,0,0,0,0,0,0,0,0,0,0,0,0,0,0,0,0,0,0,0,0,0,0,0,0,0,0,0,0,0,0,0,0,0,0
Device_2,BSC_008,NODE_01,6/2/2019,0,0,3481859,22204,0,0,3216786,0,0,0,0,6115069,6002795,0,0,33138462,0,0,0,0,33134824,0,0,3632,32995398,0,0,0,0,34358,34297,0,0,61,0,0,9756,0,0,14105670,0,0,0,0,14105673,324337,1,0,0,0,324337,0,0,0,0,0,0,0,0,33134824,0,0,1473453,16591,5693,218,19067
Device_1,BSC_008,NODE_02,6/2/2019,0,0,0,0,0,0,0,0,0,0,0,0,0,0,0,0,0,0,0,0,0,0,0,0,0,0,0,0,0,0,0,0,0,0,0,0,0,0,0,0,0,0,0,0,0,0,0,0,0,0,0,0,0,0,0,0,0,0,0,0,0,0,0,0,0,0,0
Device_2,BSC_008,NODE_01,6/1/2019,0,0,3365412,23290,0,0,3087673,0,0,0,0,6261869,6167052,0,0,32177437,0,0,0,0,32173129,0,0,4287,32036465,0,0,0,0,37900,37849,0,0,51,0,0,10447,0,0,13813825,0,0,0,0,13813822,319043,0,0,0,0,319043,0,0,0,0,0,0,0,0,32173129,0,0,1443061,16348,6571,527,18195
Device_1,BSC_008,NODE_02,6/1/2019,0,0,0,0,0,0,0,0,0,0,0,0,0,0,0,0,0,0,0,0,0,0,0,0,0,0,0,0,0,0,0,0,0,0,0,0,0,0,0,0,0,0,0,0,0,0,0,0,0,0,0,0,0,0,0,0,0,0,0,0,0,0,0,0,0,0,0
Device_2,BSC_008,NODE_01,5/31/2019,0,0,3147454,23739,0,0,2881779,0,0,0,0,10180896,10013747,0,0,25832686,0,0,0,0,25828452,0,0,4223,25690208,0,0,0,0,29906,29855,0,0,51,0,0,7917,0,0,11473312,0,0,0,0,11473314,336801,0,0,0,0,336801,0,0,0,0,0,0,0,0,25828452,0,0,1625261,13611,5571,337,15556
Device_1,BSC_008,NODE_02,5/31/2019,0,0,0,0,0,0,0,0,0,0,0,0,0,0,0,3,0,0,0,0,3,0,0,0,2,0,0,0,0,0,0,0,0,0,0,0,0,0,0,2,0,0,0,0,2,1,0,0,0,0,1,0,0,0,0,0,0,0,0,1,0,0,0,0,0,0,0
Device_2,BSC_008,NODE_01,5/30/2019,0,0,3591491,23828,0,0,3317554,0,0,0,0,5177262,5095058,0,0,34903082,0,0,0,0,34900191,0,0,2881,34769619,0,0,0,0,32578,32530,0,0,48,0,0,7222,0,0,14773296,0,0,0,0,14773295,330795,0,0,0,0,330795,0,0,0,0,0,0,0,0,34900192,0,0,1444553,17235,5534,84,20313
Device_1,BSC_008,NODE_02,5/30/2019,0,0,0,0,0,0,0,0,0,0,0,0,0,0,0,0,0,0,0,0,0,0,0,0,0,0,0,0,0,0,0,0,0,0,0,0,0,0,0,0,0,0,0,0,0,0,0,0,0,0,0,0,0,0,0,0,0,0,0,0,0,0,0,0,0,0,0
Device_2,BSC_008,NODE_01,5/29/2019,0,0,3587683,23210,0,0,3315192,0,0,0,0,5975737,5887383,0,0,33774330,0,0,0,0,33755958,0,0,18276,33649792,0,0,0,0,35956,35916,0,0,40,0,0,7843,0,0,14164328,61,0,0,0,14164276,357667,181,0,0,0,357667,0,0,0,0,0,0,0,0,33658982,0,0,1565289,18605,6668,2183,19191
Device_1,BSC_008,NODE_02,5/29/2019,0,0,0,0,0,0,0,0,0,0,0,0,0,0,0,43,0,0,0,0,34,0,0,9,34,0,0,0,0,0,0,0,0,0,0,0,0,0,0,1,0,0,0,0,1,4,0,0,0,0,4,0,0,0,0,0,0,0,0,0,0,0,0,0,0,0,0
Device_2,BSC_008,NODE_01,5/28/2019,0,0,3397412,32147,0,0,3114669,0,0,0,0,5269891,5183428,0,0,33768932,0,0,0,0,33493380,0,0,274632,33373294,0,0,0,0,40437,40344,0,0,93,0,0,8069,0,0,13998076,2248,0,0,0,13996527,320634,187,0,0,0,320622,0,0,0,0,0,0,0,0,31123083,0,0,1396191,19626,6141,798,19760
Device_1,BSC_008,NODE_02,5/28/2019,0,0,7,0,0,0,7,0,0,0,0,55,57,0,0,25,0,0,0,0,24,0,0,1,24,0,0,0,0,0,0,0,0,0,0,0,0,0,0,0,0,0,0,0,0,9,0,0,0,0,9,0,0,0,0,0,0,0,0,1,0,0,12,0,0,0,0
Device_2,BSC_008,NODE_01,5/27/2019,0,0,3319485,34636,0,0,3030342,0,0,0,0,5482802,5393215,0,0,33476309,0,0,0,0,33218413,0,0,256914,33067234,0,0,0,0,44193,44038,0,0,155,0,0,10312,0,0,13827667,2311,0,0,0,13826149,316646,215,0,0,0,316635,0,0,0,0,0,0,0,0,30834876,0,0,1354183,19574,6162,793,19354
Device_1,BSC_008,NODE_02,5/27/2019,0,0,2,0,0,0,2,0,0,0,0,10,10,0,0,4,0,0,0,0,4,0,0,0,4,0,0,0,0,0,0,0,0,0,0,0,0,0,0,1,0,0,0,0,1,3,0,0,0,0,3,0,0,0,0,0,0,0,0,0,0,0,2,0,0,0,0
Device_2,BSC_008,NODE_01,5/26/2019,0,0,3268616,42239,0,0,2982791,0,0,0,0,5028113,4951412,0,0,33327859,0,0,0,0,33083977,0,0,243007,32902255,0,0,0,0,38902,38771,0,0,131,0,0,7948,0,0,13814324,2162,0,0,0,13812789,315013,189,0,0,0,314998,0,0,0,0,0,0,0,0,30740139,0,0,1343956,19418,5735,784,19169
Device_1,BSC_008,NODE_02,5/26/2019,0,0,0,0,0,0,0,0,0,0,0,0,0,0,0,0,0,0,0,0,0,0,0,0,0,0,0,0,0,0,0,0,0,0,0,0,0,0,0,0,0,0,0,0,0,0,0,0,0,0,0,0,0,0,0,0,0,0,0,0,0,0,0,0,0,0,0
Device_2,BSC_008,NODE_01,5/25/2019,0,0,3196069,54265,0,0,2889939,0,0,0,0,6607679,6515097,0,0,31657857,0,0,0,0,31424398,0,0,232340,31225421,0,0,0,0,44290,44137,0,0,153,0,0,9022,0,0,13214113,2226,0,0,0,13212651,313854,195,0,0,0,313842,0,0,0,0,0,0,0,0,29102986,0,0,1409340,19317,6870,1313,17404
Device_1,BSC_008,NODE_02,5/25/2019,0,0,0,0,0,0,0,0,0,0,0,0,0,0,0,0,0,0,0,0,0,0,0,0,0,0,0,0,0,0,0,0,0,0,0,0,0,0,0,0,0,0,0,0,0,0,0,0,0,0,0,0,0,0,0,0,0,0,0,0,0,0,0,0,0,0,0
Device_2,BSC_008,NODE_01,5/24/2019,0,0,2961777,64873,0,0,2658182,0,0,0,0,7178998,7083096,0,0,25455589,0,0,0,0,25270886,0,0,179610,25045658,0,0,0,0,37938,37854,0,0,84,0,0,8134,0,0,11051965,2320,0,0,0,11050733,330705,214,0,0,0,330696,0,0,0,0,0,0,0,0,23570441,0,0,1523188,61436,5575,38867,14565
Device_1,BSC_008,NODE_02,5/24/2019,0,0,0,0,0,0,0,0,0,0,0,0,0,0,0,0,0,0,0,0,0,0,0,0,0,0,0,0,0,0,0,0,0,0,0,0,0,0,0,0,0,0,0,0,0,0,0,0,0,0,0,0,0,0,0,0,0,0,0,0,0,0,0,0,0,0,0
Device_2,BSC_008,NODE_01,5/23/2019,0,0,3688269,35577,0,0,3384606,0,0,0,0,7243585,7147990,0,0,34321420,0,0,0,0,34043229,0,0,277191,33883536,0,0,0,0,46619,46458,0,0,161,0,0,9854,0,0,14244557,2315,0,0,0,14242990,336566,240,0,0,0,336548,0,0,0,0,0,0,0,0,31623083,0,0,1679793,19585,7055,980,19139
Device_1,BSC_008,NODE_02,5/23/2019,0,0,0,0,0,0,0,0,0,0,0,0,0,0,0,0,0,0,0,0,0,0,0,0,0,0,0,0,0,0,0,0,0,0,0,0,0,0,0,0,0,0,0,0,0,0,0,0,0,0,0,0,0,0,0,0,0,0,0,0,0,0,0,0,0,0,0
Device_2,BSC_008,NODE_01,5/22/2019,0,0,3411615,35575,0,0,3117809,0,0,0,0,5886669,5806435,0,0,33327539,0,0,0,0,33049334,0,0,276358,32899299,0,0,0,0,43252,43107,0,0,145,0,0,8737,0,0,13806862,2415,0,0,0,13805295,312311,213,0,0,0,312302,0,0,0,0,0,0,0,0,30675905,0,0,1486663,23936,7151,3521,19178
Device_1,BSC_008,NODE_02,5/22/2019,0,0,0,0,0,0,0,0,0,0,0,0,0,0,0,0,0,0,0,0,0,0,0,0,0,0,0,0,0,0,0,0,0,0,0,0,0,0,0,0,0,0,0,0,0,0,0,0,0,0,0,0,0,0,0,0,0,0,0,0,0,0,0,0,0,0,0
Device_2,BSC_008,NODE_01,5/21/2019,0,0,3542184,35139,0,0,3244459,0,0,0,0,7075873,6926091,0,0,33999956,0,0,0,0,33727920,0,0,270737,33574311,0,0,0,0,45767,45616,0,0,151,0,0,9591,0,0,12763725,2302,0,0,0,12762274,319214,235,0,0,0,319199,0,0,0,0,0,0,0,0,31334490,0,0,1626098,20224,6663,1736,18940
Device_1,BSC_008,NODE_02,5/21/2019,0,0,0,0,0,0,0,0,0,0,0,0,0,0,0,0,0,0,0,0,0,0,0,0,0,0,0,0,0,0,0,0,0,0,0,0,0,0,0,0,0,0,0,0,0,0,0,0,0,0,0,0,0,0,0,0,0,0,0,0,0,0,0,0,0,0,0
Device_2,BSC_008,NODE_01,5/20/2019,0,0,3258069,33056,0,0,2983258,0,0,0,0,4682476,4545827,0,0,34393607,0,0,0,0,34122175,0,0,270414,33938821,0,0,0,0,37690,37589,0,0,101,0,0,7226,0,0,12963658,2247,0,0,0,12962319,317422,202,0,0,0,317410,0,0,0,0,0,0,0,0,31723706,0,0,1273535,19345,5628,900,19346
Device_1,BSC_008,NODE_02,5/20/2019,0,0,0,0,0,0,0,0,0,0,0,0,0,0,0,0,0,0,0,0,0,0,0,0,0,0,0,0,0,0,0,0,0,0,0,0,0,0,0,0,0,0,0,0,0,0,0,0,0,0,0,0,0,0,0,0,0,0,0,0,0,0,0,0,0,0,0
Device_2,BSC_008,NODE_01,5/19/2019,0,0,3422450,34962,0,0,3136152,0,0,0,0,5866037,5687336,0,0,34781029,0,0,0,0,34512080,0,0,267818,34352278,0,0,0,0,41852,41732,0,0,120,0,0,8343,0,0,13058805,2252,0,0,0,13057415,319448,214,0,0,0,319432,0,0,0,0,0,0,0,0,32099951,0,0,1451025,19861,6215,1040,19482
Device_1,BSC_008,NODE_02,5/19/2019,0,0,0,0,0,0,0,0,0,0,0,0,0,0,0,0,0,0,0,0,0,0,0,0,0,0,0,0,0,0,0,0,0,0,0,0,0,0,0,0,0,0,0,0,0,0,0,0,0,0,0,0,0,0,0,0,0,0,0,0,0,0,0,0,0,0,0
Device_2,BSC_008,NODE_01,5/18/2019,0,0,3118986,33733,0,0,2838643,0,0,0,0,5574805,5472429,0,0,32496309,0,0,0,0,32239191,0,0,255926,32049842,0,0,0,0,41702,41552,0,0,150,0,0,9769,0,0,12418825,2379,0,0,0,12417479,308578,193,0,0,0,308569,0,0,0,0,0,0,0,0,29895670,0,0,1303579,18566,6143,1029,18410
Device_1,BSC_008,NODE_02,5/18/2019,0,0,0,0,0,0,0,0,0,0,0,0,0,0,0,0,0,0,0,0,0,0,0,0,0,0,0,0,0,0,0,0,0,0,0,0,0,0,0,0,0,0,0,0,0,0,0,0,0,0,0,0,0,0,0,0,0,0,0,0,0,0,0,0,0,0,0
Device_2,BSC_008,NODE_01,5/17/2019,0,0,2880762,36667,0,0,2594963,0,0,0,0,5604382,5523334,0,0,26533664,0,0,0,0,26362089,0,0,170190,26214535,0,0,0,0,37806,37708,0,0,98,0,0,9937,0,0,10597291,2508,0,0,0,10596009,332376,269,0,0,0,332363,0,0,0,0,0,0,0,0,24623275,0,0,1336430,16221,5387,1229,16554
Device_1,BSC_008,NODE_02,5/17/2019,0,0,0,0,0,0,0,0,0,0,0,0,0,0,0,0,0,0,0,0,0,0,0,0,0,0,0,0,0,0,0,0,0,0,0,0,0,0,0,0,0,0,0,0,0,0,0,0,0,0,0,0,0,0,0,0,0,0,0,0,0,0,0,0,0,0,0
Device_2,BSC_008,NODE_01,5/16/2019,0,0,4016840,41219,0,0,3685238,0,0,0,0,8444036,8291358,0,0,36055438,0,0,0,0,35768088,0,0,285896,35574370,0,0,0,0,53918,53733,0,0,185,0,0,11915,0,0,13794283,2693,0,0,0,13791840,323364,285,0,0,0,323344,0,0,0,0,0,0,0,0,33096636,0,0,1853165,22096,7912,1524,22060
Device_1,BSC_008,NODE_02,5/16/2019,0,0,0,0,0,0,0,0,0,0,0,0,0,0,0,0,0,0,0,0,0,0,0,0,0,0,0,0,0,0,0,0,0,0,0,0,0,0,0,0,0,0,0,0,0,0,0,0,0,0,0,0,0,0,0,0,0,0,0,0,0,0,0,0,0,0,0
Device_2,BSC_008,NODE_01,5/15/2019,0,0,3920629,39414,0,0,3600244,0,0,0,0,8223866,8018062,0,0,33118909,0,0,0,0,32826490,0,0,288561,32657756,0,0,0,0,52291,52002,0,0,289,0,0,10352,0,0,11700774,2387,0,0,0,11699094,332041,190,0,0,0,332033,0,0,0,0,0,0,0,0,30328705,0,0,1912793,36782,8239,11744,20245
Device_1,BSC_008,NODE_02,5/15/2019,0,0,0,0,0,0,0,0,0,0,0,0,0,0,0,0,0,0,0,0,0,0,0,0,0,0,0,0,0,0,0,0,0,0,0,0,0,0,0,0,0,0,0,0,0,0,0,0,0,0,0,0,0,0,0,0,0,0,0,0,0,0,0,0,0,0,0
Device_2,BSC_008,NODE_01,5/14/2019,0,0,3359898,22501,0,0,3079615,0,0,0,0,5380966,5219566,0,0,27813189,0,0,0,0,27809636,0,0,3538,27677916,0,0,0,0,35512,35462,0,0,50,0,0,7879,0,0,7945809,0,0,0,0,7945809,326033,0,0,0,0,326033,0,0,0,0,0,0,0,0,27809595,0,0,1382011,15228,6248,25,19069
Device_1,BSC_008,NODE_02,5/14/2019,0,0,0,0,0,0,0,0,0,0,0,0,0,0,0,0,0,0,0,0,0,0,0,0,0,0,0,0,0,0,0,0,0,0,0,0,0,0,0,0,0,0,0,0,0,0,0,0,0,0,0,0,0,0,0,0,0,0,0,0,0,0,0,0,0,0,0
Device_2,BSC_008,NODE_01,5/13/2019,0,0,3484434,21144,0,0,3205390,0,0,0,0,6504096,6313697,0,0,26915195,0,0,0,0,26911879,0,0,3302,26767385,0,0,0,0,36308,36245,0,0,63,0,0,8344,0,0,7301975,0,0,0,0,7301975,326359,0,0,0,0,326359,0,0,0,0,0,0,0,0,26911499,0,0,1478896,15277,6390,9,19342
Device_1,BSC_008,NODE_02,5/13/2019,0,0,0,0,0,0,0,0,0,0,0,0,0,0,0,0,0,0,0,0,0,0,0,0,0,0,0,0,0,0,0,0,0,0,0,0,0,0,0,0,0,0,0,0,0,0,0,0,0,0,0,0,0,0,0,0,0,0,0,0,0,0,0,0,0,0,0
Device_2,BSC_008,NODE_01,5/12/2019,0,0,3364093,20766,0,0,3089461,0,0,0,0,5402520,5243993,0,0,26799382,0,0,0,0,26795804,0,0,3561,26616573,0,0,0,0,34854,34772,0,0,82,0,0,7910,0,0,7489585,0,0,0,0,7489586,328574,0,0,0,0,328575,0,0,0,0,0,0,0,0,26795712,0,0,1381012,14987,5873,13,19073
Device_1,BSC_008,NODE_02,5/12/2019,0,0,0,0,0,0,0,0,0,0,0,0,0,0,0,0,0,0,0,0,0,0,0,0,0,0,0,0,0,0,0,0,0,0,0,0,0,0,0,0,0,0,0,0,0,0,0,0,0,0,0,0,0,0,0,0,0,0,0,0,0,0,0,0,0,0,0
Device_2,BSC_008,NODE_01,5/11/2019,0,0,2971639,22229,0,0,2707313,0,0,0,0,4387928,4290957,0,0,25149720,0,0,0,0,25146796,0,0,2917,25007318,0,0,0,0,31673,31620,0,0,53,0,0,7567,0,0,7256863,0,0,0,0,7256863,316928,0,0,0,0,316927,0,0,0,0,0,0,0,0,25146766,0,0,1150554,13707,5799,38,17376
Device_1,BSC_008,NODE_02,5/11/2019,0,0,0,0,0,0,0,0,0,0,0,0,0,0,0,0,0,0,0,0,0,0,0,0,0,0,0,0,0,0,0,0,0,0,0,0,0,0,0,0,0,0,0,0,0,0,0,0,0,0,0,0,0,0,0,0,0,0,0,0,0,0,0,0,0,0,0
Device_2,BSC_008,NODE_01,5/10/2019,0,0,2802782,23869,0,0,2538888,0,0,0,0,5214492,5134219,0,0,20316024,0,0,0,0,20312816,0,0,3197,20129787,0,0,0,0,28086,28032,0,0,54,0,0,7894,0,0,6294104,0,0,0,0,6294103,329270,0,0,0,0,329272,0,0,0,0,0,0,0,0,20312789,0,0,1271494,12540,4699,54,15913
Device_1,BSC_008,NODE_02,5/10/2019,0,0,0,0,0,0,0,0,0,0,0,0,0,0,0,0,0,0,0,0,0,0,0,0,0,0,0,0,0,0,0,0,0,0,0,0,0,0,0,0,0,0,0,0,0,0,0,0,0,0,0,0,0,0,0,0,0,0,0,0,0,0,0,0,0,0,0
Device_2,BSC_008,NODE_01,5/9/2019,0,0,3665275,23544,0,0,3367740,0,0,0,0,6202214,6096043,0,0,27870772,0,0,0,0,27867190,0,0,3537,27683438,0,0,0,0,41473,41382,0,0,91,0,0,10823,0,0,8013164,0,0,0,0,8013163,322705,0,0,0,0,322703,0,0,0,0,0,0,0,0,27867113,0,0,1559350,16852,6793,424,20085
Device_1,BSC_008,NODE_02,5/9/2019,0,0,0,0,0,0,0,0,0,0,0,0,0,0,0,0,0,0,0,0,0,0,0,0,0,0,0,0,0,0,0,0,0,0,0,0,0,0,0,0,0,0,0,0,0,0,0,0,0,0,0,0,0,0,0,0,0,0,0,0,0,0,0,0,0,0,0
Device_2,BSC_008,NODE_01,5/8/2019,0,0,3917952,22863,0,0,3606772,0,0,0,0,9555122,9427765,0,0,27006776,0,0,0,0,27002669,0,0,4089,26862158,0,0,0,0,51948,51861,0,0,87,0,0,14330,0,0,7778942,0,0,0,0,7778943,320747,0,0,0,0,320747,0,0,0,0,0,0,0,0,27002668,0,0,1867267,15491,8678,37,19357
Device_1,BSC_008,NODE_02,5/8/2019,0,0,0,0,0,0,0,0,0,0,0,0,0,0,0,0,0,0,0,0,0,0,0,0,0,0,0,0,0,0,0,0,0,0,0,0,0,0,0,0,0,0,0,0,0,0,0,0,0,0,0,0,0,0,0,0,0,0,0,0,0,0,0,0,0,0,0
Device_2,BSC_008,NODE_01,5/7/2019,0,0,3780654,24088,0,0,3471808,0,0,0,0,7548730,7423537,0,0,27138806,0,0,0,0,27134591,0,0,4199,26955747,0,0,0,0,49931,49860,0,0,71,0,0,13974,0,0,7887920,0,0,0,0,7887923,308667,0,0,0,0,308667,0,0,0,0,0,0,0,0,27134591,0,0,1725390,15451,8145,27,19311
Device_1,BSC_008,NODE_02,5/7/2019,0,0,0,0,0,0,0,0,0,0,0,0,0,0,0,0,0,0,0,0,0,0,0,0,0,0,0,0,0,0,0,0,0,0,0,0,0,0,0,0,0,0,0,0,0,0,0,0,0,0,0,0,0,0,0,0,0,0,0,0,0,0,0,0,0,0,0
Device_2,BSC_008,NODE_01,5/6/2019,0,0,3846224,23700,0,0,3539450,0,0,0,0,6966340,6814585,0,0,27100401,0,0,0,0,27096439,0,0,3947,26901390,0,0,0,0,48078,48008,0,0,70,0,0,13539,0,0,8049946,0,0,0,0,8049941,302153,0,0,0,0,302153,0,0,0,0,0,0,0,0,27096439,0,0,1748239,15702,8641,16,19895
Device_1,BSC_008,NODE_02,5/6/2019,0,0,0,0,0,0,0,0,0,0,0,0,0,0,0,0,0,0,0,0,0,0,0,0,0,0,0,0,0,0,0,0,0,0,0,0,0,0,0,0,0,0,0,0,0,0,0,0,0,0,0,0,0,0,0,0,0,0,0,0,0,0,0,0,0,0,0
Device_2,BSC_008,NODE_01,5/5/2019,0,0,4533137,30424,0,0,4160183,0,0,0,0,8271129,8114667,0,0,31176402,0,0,0,0,31172075,0,0,4297,30987636,0,0,0,0,65689,65579,0,0,110,0,0,15524,0,0,9356771,0,0,0,0,9356772,327070,0,0,0,0,327070,0,0,0,0,0,0,0,0,31172075,0,0,1971361,19154,11950,22,23593
Device_1,BSC_008,NODE_02,5/5/2019,0,0,0,0,0,0,0,0,0,0,0,0,0,0,0,0,0,0,0,0,0,0,0,0,0,0,0,0,0,0,0,0,0,0,0,0,0,0,0,0,0,0,0,0,0,0,0,0,0,0,0,0,0,0,0,0,0,0,0,0,0,0,0,0,0,0,0
Device_2,BSC_008,NODE_01,5/4/2019,0,0,3451051,24816,0,0,3148498,0,0,0,0,4262836,4189656,0,0,29789746,0,0,0,0,29783958,0,0,5777,29604261,0,0,0,0,37072,36990,0,0,82,0,0,7806,0,0,8679784,0,0,0,0,8679786,330211,0,0,0,0,330211,0,0,0,0,0,0,0,0,29783959,0,0,1167303,16842,6997,36,21425
Device_1,BSC_008,NODE_02,5/4/2019,0,0,0,0,0,0,0,0,0,0,0,0,0,0,0,0,0,0,0,0,0,0,0,0,0,0,0,0,0,0,0,0,0,0,0,0,0,0,0,0,0,0,0,0,0,0,0,0,0,0,0,0,0,0,0,0,0,0,0,0,0,0,0,0,0,0,0
Device_2,BSC_008,NODE_01,5/3/2019,0,0,3095552,25492,0,0,2806826,0,0,0,0,5077028,4982156,0,0,22943537,0,0,0,0,22939741,0,0,3793,22723825,0,0,0,0,30527,30457,0,0,70,0,0,7429,0,0,7189148,0,0,0,0,7189146,349369,0,0,0,0,349369,0,0,0,0,0,0,0,0,22939740,0,0,1344186,14402,5926,16,18314
Device_1,BSC_008,NODE_02,5/3/2019,0,0,0,0,0,0,0,0,0,0,0,0,0,0,0,0,0,0,0,0,0,0,0,0,0,0,0,0,0,0,0,0,0,0,0,0,0,0,0,0,0,0,0,0,0,0,0,0,0,0,0,0,0,0,0,0,0,0,0,0,0,0,0,0,0,0,0
Device_2,BSC_008,NODE_01,5/2/2019,0,0,4554422,28095,0,0,4190934,0,0,0,0,7543649,7401711,0,0,33275372,0,0,0,0,33269833,0,0,5531,33000986,0,0,0,0,58234,58141,0,0,93,0,0,13976,0,0,9856028,0,0,0,0,9856027,351743,0,0,0,0,351743,0,0,0,0,0,0,0,0,33269833,0,0,1893211,19383,10313,22,24619
Device_1,BSC_008,NODE_02,5/2/2019,0,0,0,0,0,0,0,0,0,0,0,0,0,0,0,0,0,0,0,0,0,0,0,0,0,0,0,0,0,0,0,0,0,0,0,0,0,0,0,0,0,0,0,0,0,0,0,0,0,0,0,0,0,0,0,0,0,0,0,0,0,0,0,0,0,0,0
Device_2,BSC_008,NODE_01,5/1/2019,0,0,4830082,30298,0,0,4443434,0,0,0,0,9400556,9163265,0,0,35312044,0,0,0,0,35302221,0,0,9792,34956245,0,0,0,0,65475,65383,0,0,92,0,0,15713,0,0,10216402,0,0,0,0,10216403,790502,1,0,0,0,790502,0,0,0,0,0,0,0,0,35302221,0,0,2223845,19908,11942,315,24588
Device_1,BSC_008,NODE_02,5/1/2019,0,0,0,0,0,0,0,0,0,0,0,0,0,0,0,0,0,0,0,0,0,0,0,0,0,0,0,0,0,0,0,0,0,0,0,0,0,0,0,0,0,0,0,0,0,0,0,0,0,0,0,0,0,0,0,0,0,0,0,0,0,0,0,0,0,0,0
Device_2,BSC_008,NODE_01,4/30/2019,0,0,3693810,23682,0,0,3382091,0,0,0,0,6845155,6654450,0,0,27326103,0,0,0,0,27298298,0,0,27670,27113113,0,0,0,0,51197,51064,0,0,133,0,0,11405,0,0,8265846,48,0,0,0,8265816,288476,32,0,0,0,288476,0,0,0,0,0,0,0,0,27216417,0,0,1589637,15759,9048,171,19608
Device_1,BSC_008,NODE_02,4/30/2019,0,0,0,0,0,0,0,0,0,0,0,0,0,0,0,0,0,0,0,0,0,0,0,0,0,0,0,0,0,0,0,0,0,0,0,0,0,0,0,0,0,0,0,0,0,0,0,0,0,0,0,0,0,0,0,0,0,0,0,0,0,0,0,0,0,0,0
Device_2,BSC_008,NODE_01,4/29/2019,0,0,3459804,22499,0,0,3168379,0,0,0,0,5393507,5208569,0,0,26777012,0,0,0,0,26770914,0,0,6081,26583800,0,0,0,0,45039,44966,0,0,73,0,0,10249,0,0,8113271,0,0,0,0,8113273,278281,0,0,0,0,278281,0,0,0,0,0,0,0,0,26770914,0,0,1358699,15641,7991,338,19374
Device_1,BSC_008,NODE_02,4/29/2019,0,0,0,0,0,0,0,0,0,0,0,0,0,0,0,0,0,0,0,0,0,0,0,0,0,0,0,0,0,0,0,0,0,0,0,0,0,0,0,0,0,0,0,0,0,0,0,0,0,0,0,0,0,0,0,0,0,0,0,0,0,0,0,0,0,0,0
Device_2,BSC_008,NODE_01,4/28/2019,0,0,3362370,21709,0,0,3083500,0,0,0,0,4945235,4791224,0,0,26614976,0,0,0,0,26610042,0,0,4904,26407885,0,0,0,0,41805,41744,0,0,61,0,0,9399,0,0,8023379,0,0,0,0,8023377,280761,0,0,0,0,280761,0,0,0,0,0,0,0,0,26610042,0,0,1324075,14786,7732,193,18449
Device_1,BSC_008,NODE_02,4/28/2019,0,0,0,0,0,0,0,0,0,0,0,0,0,0,0,0,0,0,0,0,0,0,0,0,0,0,0,0,0,0,0,0,0,0,0,0,0,0,0,0,0,0,0,0,0,0,0,0,0,0,0,0,0,0,0,0,0,0,0,0,0,0,0,0,0,0,0
Device_2,BSC_008,NODE_01,4/27/2019,0,0,2884887,20296,0,0,2627664,0,0,0,0,4047591,3959591,0,0,24869633,0,0,0,0,24864858,0,0,4756,24691731,0,0,0,0,37175,37106,0,0,69,0,0,7819,0,0,7392647,0,0,0,0,7392647,274537,0,0,0,0,274537,0,0,0,0,0,0,0,0,24864858,0,0,1082930,13316,6866,20,16673
Device_1,BSC_008,NODE_02,4/27/2019,0,0,0,0,0,0,0,0,0,0,0,0,0,0,0,0,0,0,0,0,0,0,0,0,0,0,0,0,0,0,0,0,0,0,0,0,0,0,0,0,0,0,0,0,0,0,0,0,0,0,0,0,0,0,0,0,0,0,0,0,0,0,0,0,0,0,0
Device_2,BSC_008,NODE_01,4/26/2019,0,0,2440765,22280,0,0,2207218,0,0,0,0,4023244,3953139,0,0,18847328,0,0,0,0,18840350,0,0,6922,18699425,0,0,0,0,24856,24817,0,0,39,0,0,5476,0,0,5974139,0,0,0,0,5974142,283566,0,0,0,0,283566,0,0,0,0,0,0,0,0,18840350,0,0,1089413,13568,5099,1996,14328
Device_1,BSC_008,NODE_02,4/26/2019,0,0,0,0,0,0,0,0,0,0,0,0,0,0,0,0,0,0,0,0,0,0,0,0,0,0,0,0,0,0,0,0,0,0,0,0,0,0,0,0,0,0,0,0,0,0,0,0,0,0,0,0,0,0,0,0,0,0,0,0,0,0,0,0,0,0,0
Device_2,BSC_008,NODE_01,4/25/2019,0,0,3542616,22723,0,0,3258391,0,0,0,0,6008574,5862281,0,0,27433739,0,0,0,0,27429534,0,0,4166,27272765,0,0,0,0,44042,43978,0,0,64,0,0,9585,0,0,8268775,0,0,0,0,8268773,305882,0,0,0,0,305882,0,0,0,0,0,0,0,0,27429534,0,0,1446690,16369,8087,571,19449
Device_1,BSC_008,NODE_02,4/25/2019,0,0,0,0,0,0,0,0,0,0,0,0,0,0,0,0,0,0,0,0,0,0,0,0,0,0,0,0,0,0,0,0,0,0,0,0,0,0,0,0,0,0,0,0,0,0,0,0,0,0,0,0,0,0,0,0,0,0,0,0,0,0,0,0,0,0,0
Device_2,BSC_008,NODE_01,4/24/2019,0,0,3444049,22112,0,0,3157788,0,0,0,0,5971637,5865886,0,0,26267224,0,0,0,0,26263500,0,0,3698,26112936,0,0,0,0,48562,48485,0,0,77,0,0,10675,0,0,7901703,0,0,0,0,7901702,275277,0,0,0,0,275277,0,0,0,0,0,0,0,0,26263500,0,0,1424343,14945,8603,77,18215
Device_1,BSC_008,NODE_02,4/24/2019,0,0,0,0,0,0,0,0,0,0,0,0,0,0,0,0,0,0,0,0,0,0,0,0,0,0,0,0,0,0,0,0,0,0,0,0,0,0,0,0,0,0,0,0,0,0,0,0,0,0,0,0,0,0,0,0,0,0,0,0,0,0,0,0,0,0,0
